{"precision": 0.7028169014084507, "recall": 0.2607105538140021, "fbeta": 0.38033536585365857}