{"sex_Male": {"precision": 0.7642418930762489, "recall": 0.2617832482737917, "fbeta": 0.3899821109123435}, "sex_Female": {"precision": 0.5329153605015674, "recall": 0.28862478777589134, "fbeta": 0.3744493392070485}}